{"cameraMode":{"drawMode":0,"name":"Shaded","section":"Shading Mode"},"sceneLighting":true,"audioPlay":false,"sceneViewState":{"m_AlwaysRefresh":false,"showFog":true,"showSkybox":true,"showFlares":true,"showImageEffects":true,"showParticleSystems":true,"showVisualEffectGraphs":true,"m_FxEnabled":true},"in2DMode":false,"pivot":{"x":0.7604894638061523,"y":-0.47680044174194338,"z":0.31506800651550295},"rotation":{"x":-0.1044294610619545,"y":0.8885941505432129,"z":-0.25171801447868349,"w":-0.36906036734580996},"size":7.519373893737793,"orthographic":false}